<?xml version='1.0' encoding='UTF-8' ?>
<timeLogEntries>
  <time id="1" path="/Non Project/PSP Fundamentals &amp; Advanced/Student Profile" start="@1486232557762" delta="20" interrupt="9" />
  <time id="2" path="/Lab4_2/PSP0/Planning" start="@1490371817000" delta="10" />
  <time id="3" path="/Lab4_2/PSP0/Code" start="@1490372147000" delta="107" />
  <time id="4" path="/Lab4_2/PSP0/Code" start="@1490461186789" delta="46" />
  <time id="5" path="/Instacrem/PSP0/Planning" start="@1491582042000" delta="8" comment="Lei el enunciado del problema." />
  <time id="6" path="/Instacrem/PSP0/Design" start="@1491767538000" delta="57" comment="Hice el diagrama de clase de la intefaz." />
  <time id="8" path="/Instacrem/PSP0/Code" start="@1491583219000" delta="86" />
  <time id="9" path="/Instacrem/PSP0/Code" start="@1491748938000" delta="43" comment="Termine de codificar la interfaz." />
  <time id="10" path="/Lab1_U2/PSP0/Planning" start="@1503611747454" delta="18" />
  <time id="11" path="/Lab1_U2/PSP0/Code" start="@1503612897690" delta="1" />
  <time id="12" path="/Lab1_U2/PSP0/Design" start="@1503761590340" delta="15" />
  <time id="13" path="/Lab1_U2/PSP0/Code" start="@1503762512850" delta="18" />
  <time id="14" path="/Lab1_U2/PSP0/Code" start="@1503764673320" delta="6" />
  <time id="15" path="/Lab1_U2/PSP0/Code" start="@1503774003630" delta="65" />
  <time id="16" path="/Lab1_U2/PSP0/Design" start="@1503797685358" delta="4" />
  <time id="17" path="/Lab1_U2/PSP0/Code" start="@1503797934659" delta="7" />
  <time id="18" path="/Lab1_U3/PSP0/Planning" start="@1505432446812" delta="34" />
  <time id="19" path="/Lab1_U3/PSP0/Code" start="@1505437802888" delta="21" />
  <time id="20" path="/Lab1_U3/PSP0/Code" start="@1505509589734" delta="135" interrupt="4" />
  <time id="21" path="/Lab2_U3/PSP0/Planning" start="@1506029437822" delta="23" />
  <time id="22" path="/Lab2_U3/PSP0/Code" start="@1506089374817" delta="37" />
  <time id="23" path="/Lab2_U3/PSP0/Code" start="@1506091662105" delta="59" />
  <time id="24" path="/Lab2_U3/PSP0/Code" start="@1506116756341" delta="27" />
  <time id="25" path="/Lab1_u4/PSP0/Planning" start="@1506636191639" delta="20" />
  <time id="26" path="/Lab1_u4/PSP0/Code" start="@1506638959125" delta="34" />
  <time id="27" path="/Lab1_u4/PSP0/Code" start="@1506694271406" delta="100" interrupt="8" />
  <time id="28" path="/Lab1_u4/PSP0/Code" start="@1506705503112" delta="10" />
  <time id="29" path="/Lab1_u4/PSP0/Code" start="@1506710197583" delta="6" />
  <time id="30" path="/Lab1_u4/PSP0/Code" start="@1506802443855" delta="33" interrupt="3" />
  <time id="31" path="/Lab1_u4/PSP0/Code" start="@1506805969188" delta="16" />
  <time id="32" path="/Lab1_u4/PSP0/Code" start="@1506807943348" delta="4" />
  <time id="33" path="/Lab1_u4/PSP0/Design" start="@1506808215112" delta="6" />
  <time id="34" path="/Lab2_U4/PSP0/Planning" start="@1507238987455" delta="13" />
  <time id="35" path="/Lab2_U4/PSP0/Code" start="@1507240087761" delta="57" />
  <time id="36" path="/Lab2_U4/PSP0/Code" start="@1507302178256" delta="57" />
  <time id="37" path="/Lab2_U4/PSP0/Code" start="@1507395568241" delta="18" interrupt="25" />
  <time id="38" path="/Lab1_U5/PSP0/Planning" start="@1508509148000" delta="6" />
  <time id="39" path="/Lab1_U5/PSP0/Code" start="@1508510831000" delta="63" />
  <time id="40" path="/Lab1_U5/PSP0/Code" start="@1508607867000" delta="49" />
  <time id="41" path="/Lab2_U5/PSP0/Planning" start="@1509117786801" delta="9" />
  <time id="42" path="/Lab2_U5/PSP0/Code" start="@1509207298274" delta="39" />
  <time id="43" path="/Lab2_U5/PSP0/Code" start="@1509209721264" delta="1" />
  <time id="44" path="/ProyectoFinal/PSP0/Planning" start="@1508947827000" delta="135" />
  <time id="45" path="/ProyectoFinal/PSP0/Design" start="@1508967690000" delta="46" />
  <time id="46" path="/ProyectoFinal/PSP0/Code" start="@1508978016000" delta="47" />
  <time id="47" path="/ProyectoFinal/PSP0/Code" start="@1509056776000" delta="84" />
  <time id="48" path="/ProyectoFinal/PSP0/Code" start="@1509125709000" delta="57" />
  <time id="49" path="/ProyectoFinal/PSP0/Code" start="@1509308425000" delta="96" />
  <time id="50" path="/ProyectoFinal/PSP0/Code" start="@1509374784000" delta="36" />
  <time id="51" path="/ProyectoFinal/PSP0/Code" start="@1509414504378" delta="15" />
  <time id="52" path="/ProyectoFinal/PSP0/Code" start="@1509541024333" delta="14" />
  <time id="53" path="/ProyectoFinal/PSP0/Code" start="@1509586154889" delta="36" />
  <time id="54" path="/Lab1_U6/PSP0/Planning" start="@1509624151876" delta="9" />
  <time id="55" path="/Lab1_U6/PSP0/Code" start="@1509627491324" delta="22" />
  <time id="56" path="/Lab1_U6/PSP0/Code" start="@1509719669034" delta="20" />
  <time id="57" path="/ProyectoFinal/PSP0/Code" start="@1509741735288" delta="8" />
  <time id="58" path="/Lab1_U6/PSP0/Code" start="@1509805034646" delta="6" />
  <time id="59" path="/Lab1_U6/PSP0/Code" start="@1509806683280" delta="16" />
  <time id="60" path="/Lab1_U6/PSP0/Code" start="@1509808668102" delta="33" />
  <time id="61" path="/Lab1_U6/PSP0/Code" start="@1509901953930" delta="6" />
  <time id="62" path="/Lab1_U6/PSP0/Code" start="@1509920311418" delta="10" />
  <time id="63" path="/ProyectoFinal/PSP0/Code" start="@1509983369719" delta="77" interrupt="2" />
  <time id="64" path="/ProyectoFinal/PSP0/Code" start="@1510011019906" delta="43" />
  <time id="65" path="/ProyectoFinal/PSP0/Code" start="@1510063933219" delta="15" />
  <time id="66" path="/Lab2_U6/PSP0/Planning" start="@1510342625308" delta="7" />
  <time id="67" path="/Lab2_U6/PSP0/Code" start="@1510343065281" delta="112" />
  <time id="68" path="/Lab2_U6/PSP0/Code" start="@1510371423636" delta="58" />
  <time id="69" path="/Lab2_U6/PSP0/Code" start="@1510419531606" delta="10" />
  <time id="70" path="/Lab2_U6/PSP0/Code" start="@1510420874343" delta="7" />
  <time id="71" path="/Lab2_U6/PSP0/Code" start="@1510580390484" delta="32" />
  <time id="72" path="/ProyectoFinal/PSP0/Code" start="@1510624527375" delta="30" />
  <time id="73" path="/ProyectoFinal/PSP0/Code" start="@1510673145686" delta="66" />
  <time id="74" path="/ProyectoFinal/PSP0/Code" start="@1510932430288" delta="34" />
  <time id="75" path="/ProyectoFinal/PSP0/Code" start="@1511024742866" delta="50" />
  <time id="76" path="/ProyectoFinal/PSP0/Code" start="@1511029050408" delta="24" />
  <time id="77" path="/ProyectoFinal/PSP0/Code" start="@1511031474816" delta="55" />
  <time id="78" path="/ProyectoFinal/PSP0/Code" start="@1511048036588" delta="38" />
  <time id="79" path="/ProyectoFinal/PSP0/Code" start="@1511115618958" delta="71" interrupt="2" />
  <time id="80" path="/ProyectoFinal/PSP0/Code" start="@1511129044175" delta="47" />
  <time id="81" path="/ProyectoFinal/PSP0/Code" start="@1511134974854" delta="41" />
  <time id="82" path="/ProyectoFinal/PSP0/Code" start="@1511190373792" delta="258" />
  <time id="83" path="/ProyectoFinal/PSP0/Code" start="@1511226333828" delta="23" />
  <time id="84" path="/ProyectoFinal/PSP0/Code" start="@1511234073392" delta="45" />
  <time id="85" path="/ProyectoFinal/PSP0/Code" start="@1511304050548" delta="54" />
  <time id="86" path="/ProyectoFinal/PSP0/Code" start="@1511362331018" delta="51" />
</timeLogEntries>
