<?xml version='1.0' encoding='UTF-8' ?>
<timeLogEntries>
  <time id="1" path="/U2LAB2/PSP0/Planning" start="@1486248899747" delta="170" />
  <time id="2" path="/U2LAB2/PSP0/Planning" start="@1486259194351" delta="17" />
  <time id="3" path="/U2LAB1 - A0130568/PSP0/Planning" start="@1486143615000" delta="19" />
  <time id="4" path="/U2LAB1 - A0130568/PSP0/Planning" start="@1486161580000" delta="53" />
  <time id="5" path="/U2LAB1 - A0130568/PSP0/Design" start="@1486167811000" delta="57" />
  <time id="6" path="/U2LAB1 - A0130568/PSP0/Code" start="@1486246813000" delta="100" />
  <time id="10" path="/U2LAB1 - A0130568/PSP0/Code" start="@1486265872167" delta="6" />
  <time id="11" path="/U2LAB1 - A0130568/PSP0/Code" start="@1486266753241" delta="12" />
  <time id="12" path="/U2LAB2 - A00130568/PSP0/Planning" start="@1486746328000" delta="42" />
  <time id="13" path="/U2LAB2 - A00130568/PSP0/Code" start="@1486765011000" delta="212" />
  <time id="14" path="/U2LAB2 - A00130568/PSP0/Compile" start="@1486849048000" delta="12" />
  <time id="15" path="/U2L3 - A00130568/PSP0/Planning" start="@1487349362000" delta="12" />
  <time id="16" path="/U2L3 - A00130568/PSP0/Code" start="@1487350478000" delta="32" />
  <time id="17" path="/U2L3 - A00130568/PSP0/Compile" start="@1487353174000" delta="5" />
  <time id="18" path="/U3L1 - A00130568/PSP0/Planning" start="@1488557550000" delta="8" />
  <time id="19" path="/U3L1 - A00130568/PSP0/Code" start="@1488558255000" delta="58" />
  <time id="20" path="/U3L1 - A00130568/PSP0/Code" start="@1488651927000" delta="20" />
  <time id="21" path="/U3L1 - A00130568/PSP0/Compile" start="@1488654951000" delta="11" />
  <time id="22" path="/U3L2 - A00130568/PSP0/Planning" start="@1489338200000" delta="12" />
  <time id="23" path="/U3L2 - A00130568/PSP0/Code" start="@1489339250000" delta="232" />
  <time id="24" path="/U3L2 - A00130568/PSP0/Compile" start="@1489354411000" delta="11" />
  <time id="25" path="/U3L2 - A00130568/PSP0/Planning" start="@1493865499535" delta="91" />
  <time id="26" path="/ProyectoPoker/PSP0/Planning" start="@1493909769000" delta="16" />
  <time id="28" path="/ProyectoPoker/PSP0/Design" start="@1493910732000" delta="73" />
  <time id="29" path="/ProyectoPoker/PSP0/Planning" start="@1493849282000" delta="92" />
  <time id="30" path="/ProyectoPoker/PSP0/Design" start="@1493874553000" delta="52" />
  <time id="31" path="/U1L2 - A00130568/PSP0/Code" start="@1502514894315" delta="61" />
  <time id="32" path="/U1L2 - A00130568/PSP0/Code" start="@1502553297849" delta="267" />
  <time id="33" path="/U1L2 - A00130568/PSP0/Test" start="@1502569330942" delta="64" />
  <time id="34" path="/U1L2 - A00130568/PSP0/Code" start="@1502573149623" delta="75" />
  <time id="35" path="/U1L2 - A00130568/PSP0/Planning" start="@1502507576000" delta="37" />
  <time id="36" path="/U3L1 - A00130568 - DavidBolviarSaldarriaga/PSP0/Planning" start="@1505433084000" delta="23" />
  <time id="37" path="/U3L1 - A00130568 - DavidBolviarSaldarriaga/PSP0/Code" start="@1505486184000" delta="82" />
  <time id="38" path="/U3L1 - A00130568 - DavidBolviarSaldarriaga/PSP0/Code" start="@1505525337000" delta="43" />
  <time id="39" path="/U3L1 - A00130568 - DavidBolviarSaldarriaga/PSP0/Code" start="@1505585315000" delta="72" />
  <time id="40" path="/U3L2 - A00130568 - DBS/PSP0/Planning" start="@1505998085000" delta="15" />
  <time id="41" path="/U3L2 - A00130568 - DBS/PSP0/Code" start="@1506043796000" delta="69" />
  <time id="42" path="/U3L2 - A00130568 - DBS/PSP0/Code" start="@1506089738000" delta="92" />
  <time id="43" path="/U3L2 - A00130568 - DBS/PSP0/Code" start="@1506187285000" delta="43" />
  <time id="44" path="/U4L1/PSP0/Planning" start="@1506652151000" delta="23" />
  <time id="45" path="/U4L1/PSP0/Code" start="@1506703115000" delta="78" />
  <time id="46" path="/U4L1/PSP0/Design" start="@1506695530000" delta="34" />
  <time id="47" path="/U4L1/PSP0/Code" start="@1506721267000" delta="106" />
  <time id="48" path="/U4L1/PSP0/Code" start="@1506796902000" delta="157" />
  <time id="49" path="/U5L1 - A00130568/PSP0/Planning" start="@1508469161593" delta="5" />
  <time id="50" path="/U5L1 - A00130568/PSP0/Code" start="@1508509423000" delta="85" />
  <time id="51" path="/U5L1 - A00130568/PSP0/Code" start="@1508598860000" delta="42" />
  <time id="52" path="/U5L2 - A00130568/PSP0/Planning" start="@1509114898000" delta="17" />
  <time id="53" path="/U5L2 - A00130568/PSP0/Code" start="@1509151524478" delta="113" />
  <time id="54" path="/ProyectoAPO2 - A00130568/PSP0/Planning" start="@1508947387000" delta="43" />
  <time id="55" path="/ProyectoAPO2 - A00130568/PSP0/Design" start="@1508950365000" delta="109" />
  <time id="56" path="/ProyectoAPO2 - A00130568/PSP0/Code" start="@1509053518000" delta="236" />
  <time id="57" path="/U6L2 - A00130568/PSP0/Planning" start="@1510272767000" delta="26" />
  <time id="58" path="/U6L2 - A00130568/PSP0/Design" start="@1510323198000" delta="86" />
  <time id="59" path="/U6L2 - A00130568/PSP0/Code" start="@1510362831000" delta="102" />
  <time id="60" path="/U6L2 - A00130568/PSP0/Code" start="@1510427655352" delta="31" />
  <time id="61" path="/ProyectoAPO2 - A00130568/PSP0/Code" start="@1509143057000" delta="158" />
  <time id="62" path="/ProyectoAPO2 - A00130568/PSP0/Code" start="@1509241376000" delta="136" />
  <time id="63" path="/ProyectoAPO2 - A00130568/PSP0/Code" start="@1509312076000" delta="43" />
  <time id="64" path="/ProyectoAPO2 - A00130568/PSP0/Code" start="@1509749696000" delta="68" />
  <time id="65" path="/ProyectoAPO2 - A00130568/PSP0/Code" start="@1509837198000" delta="151" />
  <time id="66" path="/ProyectoAPO2 - A00130568/PSP0/Code" start="@1510529719000" delta="47" />
  <time id="67" path="/ProyectoAPO2 - A00130568/PSP0/Code" start="@1510956321000" delta="87" />
  <time id="68" path="/ProyectoAPO2 - A00130568/PSP0/Code" start="@1511039564000" delta="106" />
  <time id="69" path="/ProyectoAPO2 - A00130568/PSP0/Code" start="@1511124675000" delta="149" />
  <time id="70" path="/ProyectoAPO2 - A00130568/PSP0/Code" start="@1511187868000" delta="157" />
  <time id="71" path="/ProyectoAPO2 - A00130568/PSP0/Code" start="@1511201170000" delta="85" />
</timeLogEntries>
